player_name,bowl_ave,econ,bowl_sr,balls,features,scaledFeatures,prediction
Zaheer Khan,27.35,7.49,21.8,3044,"[7.49,21.8,3044.0]","[2.0776854002008998,2.046753857263088,2.4143700546840923]",4
Mayank Agarwal,0.0,8.0,0.0,6,"[8.0,0.0,6.0]","[2.2191566357285977,0.0,0.004758942289127646]",0
Khaleel Ahmed,19.64,7.26,16.2,276,"[7.26,16.2,276.0]","[2.013884646923702,1.52098222420468,0.21891134529987172]",3
Sam Billings,0.0,0.0,0.0,0,"(3,[],[])","(3,[],[])",1
Carlos Brathwaite,25.94,7.86,19.7,2354,"[7.86,19.7,2354.0]","[2.1803213946033475,1.8495894948661848,1.8670916914344131]",4
Nathan Coulter-Nile,22.63,7.76,17.4,1924,"[7.76,17.4,1924.0]","[2.15258193665674,1.6336475741457672,1.5260341607135985]",4
Quinton de Kock,0.0,0.0,0.0,0,"(3,[],[])","(3,[],[])",1
Jean-Paul Duminy,30.23,7.62,23.7,1736,"[7.62,23.7,1736.0]","[2.113746695531489,2.2251406613364764,1.3769206356542656]",4
Akhil Herwadkar,0.0,0.0,0.0,0,"(3,[],[])","(3,[],[])",1
Imran Tahir,20.76,7.08,17.5,4785,"[7.08,17.5,4785.0]","[1.9639536226198089,1.6430363533075247,3.795256475579298]",2
Shreyas Iyer,0.0,0.0,0.0,0,"(3,[],[])","(3,[],[])",1
Mahipal Lomror,60.75,8.62,42.2,169,"[8.62,42.2,169.0]","[2.3911412749975636,3.962064806261574,0.13404354114376202]",3
Chama Milind,15.33,7.49,12.2,589,"[7.49,12.2,589.0]","[2.0776854002008998,1.1454310577343885,0.46716950138269725]",3
Amit Mishra,21.79,7.15,18.2,4168,"[7.15,18.2,4168.0]","[1.9833712431824342,1.7087578074398255,3.305878576847338]",2
Mohammed Shami,26.6,8.28,19.2,1310,"[8.28,19.2,1310.0]","[2.2968271179790984,1.8026455990573984,1.0390357331262028]",4
Chris Morris,22.18,7.64,17.4,3168,"[7.64,17.4,3168.0]","[2.1192945871208106,1.6336475741457672,2.512721528659397]",2
Shahbaz Nadeem,29.12,6.77,25.7,2296,"[6.77,25.7,2296.0]","[1.8779613029853257,2.4129162445716217,1.8210885826395125]",4
Karun Nair,27.5,6.87,24.0,48,"[6.87,24.0,48.0]","[1.9057007609319332,2.2533069988217482,0.03807153831302117]",3
Pawan Negi,22.97,7.3,18.8,1490,"[7.3,18.8,1490.0]","[2.0249804301023455,1.7650904824103695,1.1818040018000322]",4
Rishabh Pant,0.0,0.0,0.0,0,"(3,[],[])","(3,[],[])",1
Pratyush Singh,19.5,7.8,15.0,60,"[7.8,15.0,60.0]","[2.1636777198353827,1.4083168742635925,0.04758942289127646]",3
Sanju Samson,4.0,8.0,3.0,3,"[8.0,3.0,3.0]","[2.2191566357285977,0.28166337485271853,0.002379471144563823]",0
Pawan Suyal,38.91,7.93,29.4,353,"[7.93,29.4,353.0]","[2.199739015165972,2.7603010735566413,0.2799844380103432]",3
Jayant Yadav,34.75,5.95,35.0,700,"[5.95,35.0,700.0]","[1.6504977478231446,3.2860727066150495,0.5552099337315587]",3
Joel Paris,31.82,8.43,22.6,385,"[8.43,22.6,385.0]","[2.3384363048990098,2.121864090557146,0.3053654635523573]",3
Suresh Raina,34.47,7.26,28.4,1509,"[7.26,28.4,1509.0]","[2.013884646923702,2.6664132819390685,1.196873985715603]",4
Sarabjit Ladda,32.8,8.41,23.4,234,"[8.41,23.4,234.0]","[2.3328884133096883,2.1969743238512045,0.1855987492759782]",3
Akshdeep Nath,20.08,8.16,14.7,177,"[8.16,14.7,177.0]","[2.2635397684431697,1.3801505367783207,0.14038879752926556]",3
Amit Mishra,19.14,7.58,15.1,515,"[7.58,15.1,515.0]","[2.1026509123528463,1.4177056534253498,0.4084758798167896]",3
Dwayne Bravo,24.53,8.29,17.7,7930,"[8.29,17.7,7930.0]","[2.299601063773759,1.661813911631039,6.289735392130372]",2
Paras Dogra,0.0,0.0,0.0,0,"(3,[],[])","(3,[],[])",1
Eklavya Dwivedi,0.0,0.0,0.0,0,"(3,[],[])","(3,[],[])",1
James Faulkner,23.6,7.92,17.8,3501,"[7.92,17.8,3501.0]","[2.196965069371312,1.6712026907927966,2.7768428257059816]",2
Aaron Finch,48.57,9.23,31.5,221,"[9.23,31.5,221.0]","[2.5603519684718696,2.9574654359535444,0.17528770764953497]",3
Ishan Kishan,0.0,0.0,0.0,0,"(3,[],[])","(3,[],[])",1
Ravindra Jadeja,31.42,7.78,24.2,3272,"[7.78,24.2,3272.0]","[2.1581298282460613,2.272084557145263,2.595209861670943]",2
Shadab Jakati,31.23,7.68,24.3,1781,"[7.68,24.3,1781.0]","[2.1303903702994536,2.28147333630702,1.4126127028227229]",4
Dinesh Karthik,10.0,5.0,12.0,12,"[5.0,12.0,12.0]","[1.3869728973303737,1.1266534994108741,0.009517884578255292]",3
Shivil Kaushik,49.5,8.73,34.0,204,"[8.73,34.0,204.0]","[2.4216546787388324,3.1921849149974766,0.16180403783033998]",3
Dhawal Kulkarni,25.0,7.83,19.1,2354,"[7.83,19.1,2354.0]","[2.171999557219365,1.7932568198956413,1.8670916914344131]",4
Praveen Kumar,32.16,7.46,25.8,3695,"[7.46,25.8,3695.0]","[2.069363562816917,2.4223050237333794,2.9307152930544422]",2
Brendon McCullum,0.0,13.0,0.0,6,"[13.0,0.0,6.0]","[3.6061295330589713,0.0,0.004758942289127646]",0
Pradeep Sangwan,27.72,7.64,21.7,1828,"[7.64,21.7,1828.0]","[2.1192945871208106,2.0373650781013306,1.449891084087556]",4
Jaydev Shah,15.14,8.48,10.7,75,"[8.48,10.7,75.0]","[2.352306033872314,1.0045993703080294,0.05948677861409558]",0
Umang Sharma,0.0,9.0,0.0,24,"[9.0,0.0,24.0]","[2.4965512151946725,0.0,0.019035769156510583]",0
Dwayne Smith,28.18,8.12,20.8,2184,"[8.12,20.8,2184.0]","[2.2524439852645264,1.952866065645515,1.7322549932424631]",4
Dale Steyn,21.91,6.67,19.6,4175,"[6.67,19.6,4175.0]","[1.8502218450387182,1.8402007157044278,3.3114306761846537]",2
Pravin Tambe,22.82,7.04,19.4,1302,"[7.04,19.4,1302.0]","[1.952857839441166,1.821423157380913,1.0326904767406992]",4
Andrew Tye,19.81,7.78,15.2,2366,"[7.78,15.2,2366.0]","[2.1581298282460613,1.427094432587107,1.8766095760126684]",4
Murali Vijay,0.0,7.0,0.0,60,"[7.0,0.0,60.0]","[1.9417620562625229,0.0,0.04758942289127646]",0
Kyle Abbott,29.57,8.19,21.6,2468,"[8.19,21.6,2468.0]","[2.271861605827152,2.0279762989395733,1.9575115949278383]",4
Hashim Amla,0.0,15.0,0.0,2,"[15.0,0.0,2.0]","[4.160918691991121,0.0,0.001586314096375882]",0
Anureet Singh,30.15,8.26,21.9,1117,"[8.26,21.9,1117.0]","[2.291279226389777,2.056142636424845,0.8859564228259301]",3
Armaan Jaffer,0.0,0.0,0.0,0,"(3,[],[])","(3,[],[])",1
Farhaan Behardien,35.2,9.18,23.0,115,"[9.18,23.0,115.0]","[2.5464822394985656,2.1594192072041754,0.09121306054161321]",3
KC Cariappa,33.53,8.24,24.4,366,"[8.24,24.4,366.0]","[2.2857313348004555,2.290862115468777,0.2902954796367864]",3
Rishi Dhawan,32.94,7.48,26.4,1426,"[7.48,26.4,1426.0]","[2.074911454406239,2.4786376987039227,1.1310419507160039]",4
Gurkeerat Singh Mann,29.33,7.33,24.0,144,"[7.33,24.0,144.0]","[2.0333022674863277,2.2533069988217482,0.1142146149390635]",3
Mitchell Johnson,25.78,7.63,20.2,2494,"[7.63,20.2,2494.0]","[2.11652064132615,1.8965333906749713,1.9781336781807248]",4
David Miller,0.0,10.33,0.0,18,"[10.33,0.0,18.0]","[2.8654860058845517,0.0,0.014276826867382937]",0
Nikhil Naik,0.0,0.0,0.0,0,"(3,[],[])","(3,[],[])",1
Axar Patel,27.56,7.13,23.1,2134,"[7.13,23.1,2134.0]","[1.9778233515931127,2.1688079863659326,1.692597140833066]",4
Wriddhiman Saha,0.0,0.0,0.0,0,"(3,[],[])","(3,[],[])",1
Pardeep Sahu,41.25,7.67,32.2,129,"[7.67,32.2,129.0]","[2.127616424504793,3.023186890085846,0.10231725921624439]",3
Sandeep Sharma,23.57,7.55,18.7,2042,"[7.55,18.7,2042.0]","[2.094329074968864,1.755701703248612,1.6196266923997755]",4
Mohit Sharma,28.0,8.35,20.1,2192,"[8.35,20.1,2192.0]","[2.3162447385417235,1.8871446115132142,1.7386002496279667]",4
Swapnil Singh,23.6,7.37,19.2,672,"[7.37,19.2,672.0]","[2.0443980506649706,1.8026455990573984,0.5330015363822963]",3
Shardul Thakur,26.31,8.45,18.6,1120,"[8.45,18.6,1120.0]","[2.3439841964883312,1.746312924086855,0.888335893970494]",3
Manan Vohra,0.0,0.0,0.0,0,"(3,[],[])","(3,[],[])",1
Shaun Marsh,0.0,6.5,0.0,12,"[6.5,0.0,12.0]","[1.8030647665294857,0.0,0.009517884578255292]",0
Glenn Maxwell,31.31,7.89,23.7,1761,"[7.89,23.7,1761.0]","[2.1886432319873292,2.2251406613364764,1.396749561858964]",4
Marcus Stoinis,29.55,8.66,20.4,880,"[8.66,20.4,880.0]","[2.402237058176207,1.9153109489984859,0.6979782024053881]",3
Gautam Gambhir,0.0,0.0,0.0,0,"(3,[],[])","(3,[],[])",1
Piyush Chawla,24.67,7.52,19.6,4290,"[7.52,19.6,4290.0]","[2.0860072375848815,1.8402007157044278,3.402643736726267]",2
Brad Hogg,24.75,6.91,21.4,3005,"[6.91,21.4,3005.0]","[1.9167965441105763,2.0091987406160587,2.3834369298047626]",4
Jason Holder,34.93,7.76,27.0,1647,"[7.76,27.0,1647.0]","[2.15258193665674,2.5349703736744664,1.3063296583655388]",4
Sheldon Jackson,0.0,0.0,0.0,0,"(3,[],[])","(3,[],[])",1
Kuldeep Yadav,20.22,7.47,16.2,1575,"[7.47,16.2,1575.0]","[2.072137508611578,1.52098222420468,1.2492223508960072]",4
Chris Lynn,31.0,7.15,26.0,78,"[7.15,26.0,78.0]","[1.9833712431824342,2.441082582056894,0.0618662497586594]",3
Manan Sharma,15.46,6.07,15.2,489,"[6.07,15.2,489.0]","[1.6837850973590736,1.427094432587107,0.3878537965639032]",3
Morne Morkel,25.68,7.55,20.3,3874,"[7.55,20.3,3874.0]","[2.094329074968864,1.9059221698367286,3.0726904046800834]",2
Colin Munro,34.2,9.45,21.7,434,"[9.45,21.7,434.0]","[2.6213787759544056,2.0373650781013306,0.3442301589135664]",3
Sunil Narine,19.83,5.95,20.0,6840,"[5.95,20.0,6840.0]","[1.6504977478231446,1.8777558323514567,5.425194209605516]",2
Manish Pandey,21.2,7.57,16.8,168,"[7.57,16.8,168.0]","[2.0998769665581856,1.5773148991752237,0.13325038409557408]",3
Yusuf Pathan,28.78,7.68,22.4,2157,"[7.68,22.4,2157.0]","[2.1303903702994536,2.1030865322336316,1.7108397529413888]",4
Ankit Rajpoot,19.86,7.51,15.8,1078,"[7.51,15.8,1078.0]","[2.083233291790221,1.4834271075576508,0.8550232979466004]",3
Andre Russell,25.44,8.19,18.6,4548,"[8.19,18.6,4548.0]","[2.271861605827152,1.746312924086855,3.607278255158756]",2
Rajagopal Sathish,26.37,7.02,22.5,541,"[7.02,22.5,541.0]","[1.9473099478518443,2.112475311395389,0.42909796306967607]",3
Shakib Al Hasan,21.08,6.82,18.5,5799,"[6.82,18.5,5799.0]","[1.8918310319586296,1.7369241449250976,4.5995177224418695]",2
Shaun Tait,22.43,7.98,16.8,3674,"[7.98,16.8,3674.0]","[2.213608744139276,1.5773148991752237,2.9140589950424953]",2
Jaydev Unadkat,22.79,7.86,17.3,2331,"[7.86,17.3,2331.0]","[2.1803213946033475,1.6242587949840102,1.8488490793260905]",4
Robin Uthappa,0.0,11.0,0.0,6,"[11.0,0.0,6.0]","[3.0513403741268217,0.0,0.004758942289127646]",0
Suryakumar Yadav,23.33,6.36,22.0,132,"[6.36,22.0,132.0]","[1.7642295254042353,2.0655314155866025,0.10469673036080822]",3
Umesh Yadav,26.93,8.19,19.7,2683,"[8.19,19.7,2683.0]","[2.271861605827152,1.8495894948661848,2.128040360288246]",4
John Hastings,24.7,7.95,18.6,2163,"[7.95,18.6,2163.0]","[2.205286906755294,1.746312924086855,1.7155986952305164]",4
Rohit Sharma,28.17,7.8,21.6,628,"[7.8,21.6,628.0]","[2.1636777198353827,2.0279762989395733,0.49810262626202695]",3
Corey Anderson,36.96,9.06,24.4,783,"[9.06,24.4,783.0]","[2.513194889962637,2.290862115468777,0.6210419687311578]",3
Jasprit Bumrah,22.79,7.2,18.9,2792,"[7.2,18.9,2792.0]","[1.997240972155738,1.7744792615721265,2.2144944785407312]",4
Jos Buttler,0.0,0.0,0.0,0,"(3,[],[])","(3,[],[])",1
Unmukt Chand,0.0,0.0,0.0,0,"(3,[],[])","(3,[],[])",1
Marchant de Lange,25.11,8.53,17.6,1519,"[8.53,17.6,1519.0]","[2.366175762845617,1.652425132469282,1.2048055561974824]",4
Shreyas Gopal,21.38,7.7,16.6,433,"[7.7,16.6,433.0]","[2.1359382618887754,1.5585373408517091,0.34343700186537846]",3
Martin Guptill,0.0,9.5,0.0,12,"[9.5,0.0,12.0]","[2.6352485049277097,0.0,0.009517884578255292]",0
Harbhajan Singh,26.22,6.72,23.3,5123,"[6.72,23.3,5123.0]","[1.864091574012022,2.187585544689447,4.063343557866822]",2
Kishore Kamath,0.0,0.0,0.0,0,"(3,[],[])","(3,[],[])",1
Siddhesh Lad,27.0,7.56,21.4,150,"[7.56,21.4,150.0]","[2.097103020763525,2.0091987406160587,0.11897355722819115]",3
Mitchell McClenaghan,25.1,8.42,17.8,3557,"[8.42,17.8,3557.0]","[2.335662359104349,1.6712026907927966,2.821259620404506]",2
Hardik Pandya,26.55,7.93,20.0,1747,"[7.93,20.0,1747.0]","[2.199739015165972,1.8777558323514567,1.3856453631843328]",4
Krunal Pandya,24.43,6.96,21.0,1074,"[6.96,21.0,1074.0]","[1.93066627308388,1.9716436239690296,0.8518506697538486]",3
Parthiv Patel,0.0,0.0,0.0,0,"(3,[],[])","(3,[],[])",1
Kieron Pollard,23.96,8.17,17.5,4486,"[8.17,17.5,4486.0]","[2.2663137142378305,1.6430363533075247,3.5581025181711032]",2
Deepak Punia,23.6,8.23,17.2,258,"[8.23,17.2,258.0]","[2.282957389005795,1.6148700158222526,0.20463451843248878]",3
Nitish Rana,25.5,8.1,18.8,151,"[8.1,18.8,151.0]","[2.246896093675205,1.7650904824103695,0.1197667142763791]",3
Ambati Rayudu,0.0,0.0,0.0,0,"(3,[],[])","(3,[],[])",1
Jitesh Sharma,0.0,5.0,0.0,6,"[5.0,0.0,6.0]","[1.3869728973303737,0.0,0.004758942289127646]",1
Nathu Singh,14.47,5.8,14.9,344,"[5.8,14.9,344.0]","[1.6088885609032333,1.3989280951018352,0.2728460245766517]",3
Tim Southee,26.85,8.31,19.3,3431,"[8.31,19.3,3431.0]","[2.305148955363081,1.812034378219156,2.7213218323328254]",2
Jagadeesha Suchith,26.25,7.54,20.8,564,"[7.54,20.8,564.0]","[2.0915551291742034,1.952866065645515,0.44734057517799874]",3
Jerome Taylor,23.42,8.23,17.0,2152,"[8.23,17.0,2152.0]","[2.282957389005795,1.5960924574987383,1.706873967700449]",4
Vinay Kumar,26.31,7.99,19.7,3358,"[7.99,19.7,3358.0]","[2.216382689933937,1.8495894948661848,2.663421367815106]",2
Akshay Wakhare,24.64,6.9,21.4,600,"[6.9,21.4,600.0]","[1.9140225983159156,2.0091987406160587,0.4758942289127646]",3
Lasith Malinga,18.96,6.92,16.4,5801,"[6.92,16.4,5801.0]","[1.919570489905237,1.5397597825281943,4.601104036538246]",2
Lendl Simmons,24.86,8.72,17.0,376,"[8.72,17.0,376.0]","[2.4188807329441717,1.5960924574987383,0.2982270501186658]",3
MS Dhoni,0.0,12.5,0.0,12,"[12.5,0.0,12.0]","[3.4674322433259337,0.0,0.009517884578255292]",0
Ankit Sharma,29.16,7.24,24.1,1015,"[7.24,24.1,1015.0]","[2.008336755334381,2.2626957779835055,0.8050544039107601]",3
Baba Aparajith,22.42,6.19,21.7,152,"[6.19,21.7,152.0]","[1.7170724468950025,2.0373650781013306,0.12055987132456704]",3
Murugan Ashwin,23.51,7.42,19.0,665,"[7.42,19.0,665.0]","[2.0582677796382742,1.7838680407338838,0.5274494370449808]",3
Ravichandran Ashwin,24.34,6.84,21.3,4478,"[6.84,21.3,4478.0]","[1.897378923547951,1.9998099614543015,3.5517572617855997]",2
George Bailey,0.0,12.0,0.0,12,"[12.0,0.0,12.0]","[3.3287349535928965,0.0,0.009517884578255292]",0
Ankush Bains,0.0,0.0,0.0,0,"(3,[],[])","(3,[],[])",1
Rajat Bhatia,27.45,7.18,22.9,2406,"[7.18,22.9,2406.0]","[1.9916930805664164,2.150030428042418,1.9083358579401861]",4
Scott Boland,25.22,8.39,18.0,649,"[8.39,18.0,649.0]","[2.327340521720367,1.6899802491163112,0.5147589242739737]",3
Deepak Chahar,24.22,7.51,19.3,774,"[7.51,19.3,774.0]","[2.083233291790221,1.812034378219156,0.6139035552974663]",3
Ashok Dinda,26.06,7.66,20.4,2695,"[7.66,20.4,2695.0]","[2.124842478710132,1.9153109489984859,2.137558244866501]",4
Peter Handscomb,0.0,0.0,0.0,0,"(3,[],[])","(3,[],[])",1
Jaskaran Singh,34.83,8.03,26.0,312,"[8.03,26.0,312.0]","[2.22747847311258,2.441082582056894,0.2474649990346376]",3
Usman Khawaja,0.0,0.0,0.0,0,"(3,[],[])","(3,[],[])",1
Albie Morkel,25.49,7.61,20.0,4924,"[7.61,20.0,4924.0]","[2.1109727497368285,1.8777558323514567,3.9055053052774213]",2
Ishwar Pandey,25.86,7.07,21.9,1118,"[7.07,21.9,1118.0]","[1.9611796768251484,2.056142636424845,0.8867495798741181]",3
Irfan Pathan,25.9,7.55,20.5,3475,"[7.55,20.5,3475.0]","[2.094329074968864,1.9246997281602432,2.756220742453095]",2
Thisara Perera,25.88,8.51,18.2,3941,"[8.51,18.2,3941.0]","[2.3606278712562956,1.7087578074398255,3.1258319269086754]",2
Ajinkya Rahane,5.0,5.0,6.0,6,"[5.0,6.0,6.0]","[1.3869728973303737,0.5633267497054371,0.004758942289127646]",1
Ishant Sharma,36.23,7.85,27.6,2437,"[7.85,27.6,2437.0]","[2.1775474488086863,2.5913030486450106,1.9329237264340122]",4
RP Singh,24.91,7.51,19.8,2903,"[7.51,19.8,2903.0]","[2.083233291790221,1.8589782740279424,2.3025349108895927]",4
Saurabh Tiwary,0.0,0.0,0.0,0,"(3,[],[])","(3,[],[])",1
Adam Zampa,21.84,7.29,17.9,1959,"[7.29,17.9,1959.0]","[2.022206484307685,1.6805914699545537,1.5537946574001764]",4
Faf du Plessis,18.34,6.96,15.8,790,"[6.96,15.8,790.0]","[1.93066627308388,1.4834271075576508,0.6265940680684734]",3
Mitchell Marsh,26.59,8.34,19.1,803,"[8.34,19.1,803.0]","[2.3134707927470632,1.7932568198956413,0.6369051096949166]",3
Kevin Pietersen,31.41,8.09,23.2,396,"[8.09,23.2,396.0]","[2.244122147880544,2.17819676552769,0.31409019108242464]",3
Steven Smith,19.48,7.71,15.1,818,"[7.71,15.1,818.0]","[2.138712207683436,1.4177056534253498,0.6488024654177358]",3
Virat Kohli,82.62,8.73,56.7,454,"[8.73,56.7,454.0]","[2.4216546787388324,5.32343778471638,0.3600932998773252]",3
Varun Aaron,29.95,8.4,21.3,1368,"[8.4,21.3,1368.0]","[2.3301144675150276,1.9998099614543015,1.0850388419211032]",4
Abu Nechim,25.84,7.65,20.2,1195,"[7.65,20.2,1195.0]","[2.122068532915472,1.8965333906749713,0.9478226725845895]",3
Sreenath Aravind,21.77,7.85,16.6,1714,"[7.85,16.6,1714.0]","[2.1775474488086863,1.5585373408517091,1.3594711805941309]",4
Stuart Binny,25.72,7.64,20.1,1231,"[7.64,20.1,1231.0]","[2.1192945871208106,1.8871446115132142,0.9763763263193553]",4
Yuzvendra Chahal,22.83,7.45,18.3,2755,"[7.45,18.3,2755.0]","[2.0665896170222564,1.718146586601583,2.1851476677577777]",4
AB de Villiers,0.0,0.0,0.0,0,"(3,[],[])","(3,[],[])",1
Praveen Dubey,12.3,6.64,11.1,111,"[6.64,11.1,111.0]","[1.841900007654736,1.0421544869550585,0.08804043234886146]",3
Chris Gayle,30.21,7.54,24.0,1897,"[7.54,24.0,1897.0]","[2.0915551291742034,2.2533069988217482,1.504618920412524]",4
Travis Head,26.35,8.75,18.0,307,"[8.75,18.0,307.0]","[2.427202570328154,1.6899802491163112,0.24349921379369788]",3
Iqbal Abdulla,25.75,6.98,22.1,1749,"[6.98,22.1,1749.0]","[1.9362141646732016,2.0749201947483598,1.3872316772807087]",4
Kedar Jadhav,22.0,8.8,15.0,60,"[8.8,15.0,60.0]","[2.4410722993014575,1.4083168742635925,0.04758942289127646]",3
Chris Jordan,26.72,8.4,19.0,2615,"[8.4,19.0,2615.0]","[2.3301144675150276,1.7838680407338838,2.0741056810114658]",4
Akshay Karnewar,29.46,7.84,22.5,293,"[7.84,22.5,293.0]","[2.1747735030140256,2.112475311395389,0.2323950151190667]",3
Sarfaraz Khan,0.0,0.0,0.0,0,"(3,[],[])","(3,[],[])",1
Vikramjeet Malik,23.0,7.34,18.7,827,"[7.34,18.7,827.0]","[2.0360762132809884,1.755701703248612,0.6559408788514273]",3
Mandeep Singh,15.71,6.19,15.2,213,"[6.19,15.2,213.0]","[1.7170724468950025,1.427094432587107,0.16894245126403143]",3
Parvez Rasool,31.02,6.81,27.3,984,"[6.81,27.3,984.0]","[1.8890570861639686,2.5631367111597387,0.780466535416934]",3
Harshal Patel,27.7,7.9,21.0,1556,"[7.9,21.0,1556.0]","[2.1914171777819904,1.9716436239690296,1.2341523669804362]",4
Lokesh Rahul,0.0,0.0,0.0,0,"(3,[],[])","(3,[],[])",1
Kane Richardson,26.34,8.18,19.3,1604,"[8.18,19.3,1604.0]","[2.269087660032491,1.812034378219156,1.2722239052934574]",4
Sachin Baby,44.33,8.48,31.3,94,"[8.48,31.3,94.0]","[2.352306033872314,2.93868787763003,0.07455676252966645]",3
Tabraiz Shamsi,24.42,7.31,20.0,1982,"[7.31,20.0,1982.0]","[2.027754375897006,1.8777558323514567,1.572037269508499]",4
Vikas Tokas,24.06,8.16,17.6,283,"[8.16,17.6,283.0]","[2.2635397684431697,1.652425132469282,0.22446344463718731]",3
Shane Watson,27.1,7.9,20.5,4423,"[7.9,20.5,4423.0]","[2.1914171777819904,1.9246997281602432,3.508133624135263]",2
David Wiese,24.96,8.35,17.9,2455,"[8.35,17.9,2455.0]","[2.3162447385417235,1.6805914699545537,1.9472005533013952]",4
Samuel Badree,22.16,6.02,22.0,4125,"[6.02,22.0,4125.0]","[1.6699153683857697,2.0655314155866025,3.271772823775257]",2
Adam Milne,23.16,7.68,18.0,1736,"[7.68,18.0,1736.0]","[2.1303903702994536,1.6899802491163112,1.3769206356542656]",4
Mitchell Starc,17.44,7.14,14.6,1860,"[7.14,14.6,1860.0]","[1.9805972973877732,1.3707617576165634,1.4752721096295702]",4
David Warner,0.0,13.0,0.0,6,"[13.0,0.0,6.0]","[3.6061295330589713,0.0,0.004758942289127646]",0
Ashish Reddy,22.24,7.97,16.7,904,"[7.97,16.7,904.0]","[2.2108347983446155,1.5679261200134664,0.7170139715618987]",3
Ricky Bhui,0.0,0.0,0.0,0,"(3,[],[])","(3,[],[])",1
Bipul Sharma,23.24,6.45,21.6,1404,"[6.45,21.6,1404.0]","[1.7891950375561818,2.0279762989395733,1.1135924956558692]",4
Trent Boult,27.05,8.39,19.3,1895,"[8.39,19.3,1895.0]","[2.327340521720367,1.812034378219156,1.503032606316148]",4
Ben Cutting,32.36,8.94,21.7,1975,"[8.94,21.7,1975.0]","[2.4799075404267077,2.0373650781013306,1.5664851701711835]",4
Shikhar Dhawan,16.5,8.25,12.0,48,"[8.25,12.0,48.0]","[2.2885052805951163,1.1266534994108741,0.03807153831302117]",3
Moises Henriques,30.26,8.31,21.8,2336,"[8.31,21.8,2336.0]","[2.305148955363081,2.046753857263088,1.8528148645670302]",4
Deepak Hooda,49.6,7.85,37.9,379,"[7.85,37.9,379.0]","[2.1775474488086863,3.5583473023060104,0.3006065212632296]",3
Siddarth Kaul,23.68,7.26,19.5,1839,"[7.26,19.5,1839.0]","[2.013884646923702,1.8308119365426703,1.4586158116176235]",4
Bhuvneshwar Kumar,23.48,7.09,19.8,3098,"[7.09,19.8,3098.0]","[1.9667275684144696,1.8589782740279424,2.4572005352862414]",4
Abhimanyu Mithun,29.22,8.52,20.5,988,"[8.52,20.5,988.0]","[2.3634018170509563,1.9246997281602432,0.7836391636096857]",3
Eoin Morgan,0.0,0.0,0.0,0,"(3,[],[])","(3,[],[])",1
Mustafizur Rahman,21.15,7.21,17.5,1636,"[7.21,17.5,1636.0]","[2.0000149179503985,1.6430363533075247,1.2976049308354716]",4
Naman Ojha,0.0,0.0,0.0,0,"(3,[],[])","(3,[],[])",1
Vijay Shankar,41.76,8.93,28.0,477,"[8.93,28.0,477.0]","[2.477133594632047,2.6288581652920393,0.37833591198564787]",3
Karn Sharma,24.58,7.34,20.0,2027,"[7.34,20.0,2027.0]","[2.0360762132809884,1.8777558323514567,1.6077293366769565]",4
Barinder Sran,25.85,8.17,18.9,759,"[8.17,18.9,759.0]","[2.2663137142378305,1.7744792615721265,0.6020061995746472]",3
Tirumalasetti Suman,33.11,7.92,25.0,426,"[7.92,25.0,426.0]","[2.196965069371312,2.347194790439321,0.33788490252806286]",3
Aditya Tare,0.0,0.0,0.0,0,"(3,[],[])","(3,[],[])",1
Kane Williamson,29.5,7.0,25.2,758,"[7.0,25.2,758.0]","[1.9417620562625229,2.3659723487628352,0.6012130425264592]",3
Yuvraj Singh,24.2,7.44,19.5,1561,"[7.44,19.5,1561.0]","[2.063815671227596,1.8308119365426703,1.238118152221376]",4
Ashish Nehra,22.54,7.7,17.5,2845,"[7.7,17.5,2845.0]","[2.1359382618887754,1.6430363533075247,2.2565318020946923]",4
Matt Henry,30.51,8.79,20.8,1458,"[8.79,20.8,1458.0]","[2.4382983535067964,1.952866065645515,1.156422976258018]",4
Michael Hussey,0.0,5.0,0.0,6,"[5.0,0.0,6.0]","[1.3869728973303737,0.0,0.004758942289127646]",1
Mithun Manhas,29.6,8.07,22.0,110,"[8.07,22.0,110.0]","[2.238574256291223,2.0655314155866025,0.08724727530067351]",3
Ronit More,44.5,7.66,34.8,209,"[7.66,34.8,209.0]","[2.124842478710132,3.2672951482915344,0.16576982307127966]",3
Rahul Sharma,23.57,7.11,19.8,1590,"[7.11,19.8,1590.0]","[1.9722754600037913,1.8589782740279424,1.2611197066188262]",4
Srikar Bharat,0.0,0.0,0.0,0,"(3,[],[])","(3,[],[])",1
Chidhambaram Gautam,0.0,0.0,0.0,0,"(3,[],[])","(3,[],[])",1
KK Jiyas,0.0,0.0,0.0,0,"(3,[],[])","(3,[],[])",1
Angelo Mathews,31.73,7.38,25.7,2037,"[7.38,25.7,2037.0]","[2.0471719964596313,2.4129162445716217,1.615660907158836]",4
Domnic Muthuswami,20.9,7.54,16.6,532,"[7.54,16.6,532.0]","[2.0915551291742034,1.5585373408517091,0.4219595496359846]",3
Gurinder Sandhu,30.34,8.12,22.4,717,"[8.12,22.4,717.0]","[2.2524439852645264,2.1030865322336316,0.5686936035507537]",3
Manoj Tiwary,22.24,8.15,16.3,540,"[8.15,16.3,540.0]","[2.260765822648509,1.5303710033664373,0.4283048060214881]",3
Parvinder Awana,22.37,7.6,17.6,1359,"[7.6,17.6,1359.0]","[2.1081988039421677,1.652425132469282,1.0779004284874119]",4
Yogesh Golwalkar,0.0,0.0,0.0,0,"(3,[],[])","(3,[],[])",1
Beuran Hendricks,21.18,8.52,14.9,969,"[8.52,14.9,969.0]","[2.3634018170509563,1.3989280951018352,0.7685691796941149]",3
Karanveer Singh,25.05,8.96,16.7,302,"[8.96,16.7,302.0]","[2.4854554320160296,1.5679261200134664,0.2395334285527582]",3
Virender Sehwag,22.54,8.31,16.2,358,"[8.31,16.2,358.0]","[2.305148955363081,1.52098222420468,0.2839502232512829]",3
Shivam Sharma,23.88,7.91,18.1,163,"[7.91,18.1,163.0]","[2.194191123576651,1.6993690282780685,0.1292845988546344]",3
Azhar Mahmood,23.81,7.63,18.7,4825,"[7.63,18.7,4825.0]","[2.11652064132615,1.755701703248612,3.826982757506815]",2
Johan Botha,28.41,6.47,26.3,4079,"[6.47,26.3,4079.0]","[1.7947429291455033,2.469248919542166,3.2352875995586112]",2
Pat Cummins,25.32,7.84,19.3,1568,"[7.84,19.3,1568.0]","[2.1747735030140256,1.812034378219156,1.2436702515586915]",4
Aditya Garhwal,17.0,6.37,16.0,96,"[6.37,16.0,96.0]","[1.767003471198896,1.5022046658811654,0.07614307662604233]",3
Sumit Narwal,30.51,7.68,23.8,643,"[7.68,23.8,643.0]","[2.1303903702994536,2.2345294404982337,0.5099999819848461]",3
Veer Pratap Singh,29.78,8.34,21.4,300,"[8.34,21.4,300.0]","[2.3134707927470632,2.0091987406160587,0.2379471144563823]",3
Vaibhav Rawal,0.0,0.0,0.0,0,"(3,[],[])","(3,[],[])",1
Ryan ten Doeschate,26.1,8.17,19.1,2089,"[8.17,19.1,2089.0]","[2.2663137142378305,1.7932568198956413,1.6569050736646087]",4
James Neesham,25.98,8.89,17.5,1472,"[8.89,17.5,1472.0]","[2.4660378114534045,1.6430363533075247,1.1675271749326492]",4
Aiden Blizzard,0.0,10.0,0.0,6,"[10.0,0.0,6.0]","[2.7739457946607473,0.0,0.004758942289127646]",0
Alex Hales,0.0,14.0,0.0,3,"[14.0,0.0,3.0]","[3.8835241125250457,0.0,0.002379471144563823]",0
Ben Hilfenhaus,22.2,7.6,17.5,2050,"[7.6,17.5,2050.0]","[2.1081988039421677,1.6430363533075247,1.625971948785279]",4
Pragyan Ojha,22.38,7.23,18.5,2897,"[7.23,18.5,2897.0]","[2.0055628095397204,1.7369241449250976,2.2977759686004653]",4
Josh Hazlewood,24.35,7.77,18.7,695,"[7.77,18.7,695.0]","[2.1553558824514005,1.755701703248612,0.551244148490619]",3
Abhishek Nayar,34.33,8.19,25.1,679,"[8.19,25.1,679.0]","[2.271861605827152,2.3565835696010784,0.5385536357196119]",3
Dinesh Salunkhe,78.0,9.75,48.0,48,"[9.75,48.0,48.0]","[2.7045971497942283,4.5066139976434965,0.03807153831302117]",3
Rahul Tewatia,24.57,6.97,21.1,402,"[6.97,21.1,402.0]","[1.9334402188785407,1.981032403130787,0.3188491333715523]",3
Rusty Theron,23.0,7.2,19.1,2585,"[7.2,19.1,2585.0]","[1.997240972155738,1.7932568198956413,2.0503109695658277]",4
Sagar Trivedi,27.0,8.7,18.6,186,"[8.7,18.6,186.0]","[2.41333284135485,1.746312924086855,0.14752721096295704]",3
Dishant Yagnik,0.0,0.0,0.0,0,"(3,[],[])","(3,[],[])",1
Sean Abbott,23.78,8.75,16.3,1125,"[8.75,16.3,1125.0]","[2.427202570328154,1.5303710033664373,0.8923016792114337]",3
S Badrinath,22.0,7.33,18.0,18,"[7.33,18.0,18.0]","[2.0333022674863277,1.6899802491163112,0.014276826867382937]",3
Shishir  Bhavane,0.0,0.0,0.0,0,"(3,[],[])","(3,[],[])",1
Manvinder  Bisla,0.0,0.0,0.0,0,"(3,[],[])","(3,[],[])",1
Nic Maddinson,0.0,11.5,0.0,12,"[11.5,0.0,12.0]","[3.1900376638598593,0.0,0.009517884578255292]",0
Rilee Rossouw,13.0,7.09,11.0,11,"[7.09,11.0,11.0]","[1.9667275684144696,1.0327657077933012,0.008724727530067351]",3
Darren Sammy,28.45,7.92,21.5,3381,"[7.92,21.5,3381.0]","[2.196965069371312,2.018587519777816,2.6816639799234285]",2
Sandeep Warrier,26.9,7.32,22.0,727,"[7.32,22.0,727.0]","[2.030528321691667,2.0655314155866025,0.5766251740326331]",3
Jalaj Saxena,20.58,7.04,17.5,719,"[7.04,17.5,719.0]","[1.952857839441166,1.6430363533075247,0.5702799176471296]",3
Yogesh Takawale,0.0,0.0,0.0,0,"(3,[],[])","(3,[],[])",1
Vijay Zol,0.0,0.0,0.0,0,"(3,[],[])","(3,[],[])",1
Ravi Bopara,25.31,7.5,20.2,4169,"[7.5,20.2,4169.0]","[2.0804593459955605,1.8965333906749713,3.3066717338955263]",2
Padmanabhan Prasanth,17.15,6.26,16.4,1051,"[6.26,16.4,1051.0]","[1.7364900674576276,1.5397597825281943,0.833608057645526]",3
Laxmi Shukla,24.61,7.11,20.7,976,"[7.11,20.7,976.0]","[1.9722754600037913,1.9434772864837577,0.7741212790314305]",3
Hanuma Vihari,20.9,7.31,17.1,360,"[7.31,17.1,360.0]","[2.027754375897006,1.6054812366604956,0.28553653734765877]",3
David Hussey,26.35,7.47,21.1,1438,"[7.47,21.1,1438.0]","[2.072137508611578,1.981032403130787,1.1405598352942592]",4
Milind Kumar,79.0,8.26,57.3,172,"[8.26,57.3,172.0]","[2.291279226389777,5.379770459686924,0.13642301228832585]",3
Wayne Parnell,24.94,7.74,19.3,3751,"[7.74,19.3,3751.0]","[2.1470340450674184,1.812034378219156,2.9751320877529666]",2
HS Sharath,27.71,6.46,25.7,180,"[6.46,25.7,180.0]","[1.7919689833508425,2.4129162445716217,0.14276826867382938]",3
Rahul Shukla,28.0,8.21,20.4,593,"[8.21,20.4,593.0]","[2.277409497416474,1.9153109489984859,0.470342129575449]",3
Ross Taylor,35.0,9.03,23.2,186,"[9.03,23.2,186.0]","[2.5048730525786542,2.17819676552769,0.14752721096295704]",3
Lakshmipathy Balaji,22.19,7.76,17.1,2161,"[7.76,17.1,2161.0]","[2.15258193665674,1.6054812366604956,1.7140123811341406]",4
Murali Kartik,31.36,6.74,27.9,3069,"[6.74,27.9,3069.0]","[1.8696394656013435,2.619469386130282,2.434198980888791]",4
Cheteshwar Pujara,0.0,0.0,0.0,0,"(3,[],[])","(3,[],[])",1
Debabrata Das,0.0,0.0,0.0,0,"(3,[],[])","(3,[],[])",1
Jacques Kallis,30.54,7.6,24.0,2747,"[7.6,24.0,2747.0]","[2.1081988039421677,2.2533069988217482,2.178802411372274]",4
Sayan Mondal,18.2,6.74,16.2,470,"[6.74,16.2,470.0]","[1.8696394656013435,1.52098222420468,0.37278381264833227]",3
Ben Dunk,30.0,10.0,18.0,36,"[10.0,18.0,36.0]","[2.7739457946607473,1.6899802491163112,0.028553653734765875]",3
Sushant Marathe,0.0,0.0,0.0,0,"(3,[],[])","(3,[],[])",1
Krishmar Santokie,16.95,7.09,14.3,2394,"[7.09,14.3,2394.0]","[1.9667275684144696,1.3425954201312917,1.8988179733619308]",4
Apoorv Wankhade,0.0,0.0,0.0,0,"(3,[],[])","(3,[],[])",1
Kevon Cooper,20.07,7.22,16.6,3250,"[7.22,16.6,3250.0]","[2.0027888637450593,1.5585373408517091,2.577760406610808]",2
Brad Hodge,22.32,7.8,17.1,1116,"[7.8,17.1,1116.0]","[2.1636777198353827,1.6054812366604956,0.8851632657777422]",3
Tanmay Mishra,19.33,8.28,14.0,42,"[8.28,14.0,42.0]","[2.2968271179790984,1.3144290826460197,0.03331259602389352]",3
Muttiah Muralitharan,22.03,6.38,20.6,3705,"[6.38,20.6,3705.0]","[1.7697774169935565,1.9340885073220007,2.9386468635363214]",2
Ravi Rampaul,22.32,7.67,17.4,2950,"[7.67,17.4,2950.0]","[2.127616424504793,1.6336475741457672,2.339813292154426]",4
Sachin Rana,20.15,6.77,17.8,357,"[6.77,17.8,357.0]","[1.8779613029853257,1.6712026907927966,0.28315706620309494]",3
Srikkanth Anirudha,0.0,0.0,0.0,0,"(3,[],[])","(3,[],[])",1
Manprit Juneja,0.0,24.0,0.0,6,"[24.0,0.0,6.0]","[6.657469907185793,0.0,0.004758942289127646]",0
Prasanth Parameswaran,27.66,7.74,21.4,707,"[7.74,21.4,707.0]","[2.1470340450674184,2.0091987406160587,0.5607620330688743]",3
Amit Paunikar,0.0,0.0,0.0,0,"(3,[],[])","(3,[],[])",1
Brendan Taylor,19.0,6.08,18.7,150,"[6.08,18.7,150.0]","[1.6865590431537343,1.755701703248612,0.11897355722819115]",3
Venugopal Rao,56.0,8.78,38.2,306,"[8.78,38.2,306.0]","[2.4355244077121356,3.5865136397912827,0.24270605674550993]",3
Akila Dananjaya,23.42,7.22,19.4,1090,"[7.22,19.4,1090.0]","[2.0027888637450593,1.821423157380913,0.8645411825248557]",3
Imtiaz Ahmed,31.47,7.75,24.3,414,"[7.75,24.3,414.0]","[2.149807990862079,2.28147333630702,0.32836701794980755]",3
R Karthikeyan,0.0,0.0,0.0,0,"(3,[],[])","(3,[],[])",1
Nuwan Kulasekara,22.94,7.3,18.8,2357,"[7.3,18.8,2357.0]","[2.0249804301023455,1.7650904824103695,1.869471162578977]",4
Ben Laughlin,21.57,7.92,16.3,2565,"[7.92,16.3,2565.0]","[2.196965069371312,1.5303710033664373,2.034447828602069]",4
Dirk Nannes,22.25,7.42,17.9,4624,"[7.42,17.9,4624.0]","[2.0582677796382742,1.6805914699545537,3.667558190821039]",2
Mahela Jayawardene,32.33,7.76,25.0,75,"[7.76,25.0,75.0]","[2.15258193665674,2.347194790439321,0.05948677861409558]",3
Ajit Agarkar,34.21,8.23,24.9,1172,"[8.23,24.9,1172.0]","[2.282957389005795,2.3378060112775634,0.9295800604762668]",3
Gulam Bodi,6.0,6.0,6.0,6,"[6.0,6.0,6.0]","[1.6643674767964483,0.5633267497054371,0.004758942289127646]",0
Bharat Chipli,44.0,11.0,24.0,24,"[11.0,24.0,24.0]","[3.0513403741268217,2.2533069988217482,0.019035769156510583]",3
Royston Dias,71.0,9.26,46.0,46,"[9.26,46.0,46.0]","[2.568673805855852,4.318838414408351,0.03648522421664529]",3
Jeevan Mendis,21.29,7.19,17.7,1491,"[7.19,17.7,1491.0]","[1.9944670263610773,1.661813911631039,1.18259715884822]",4
Yogesh Nagar,16.66,7.36,13.5,285,"[7.36,13.5,285.0]","[2.04162410487031,1.2674851868372332,0.2260497587335632]",3
Sujit Nayak,0.0,8.75,0.0,24,"[8.75,0.0,24.0]","[2.427202570328154,0.0,0.019035769156510583]",0
Ben Rohrer,0.0,12.0,0.0,6,"[12.0,0.0,6.0]","[3.3287349535928965,0.0,0.004758942289127646]",0
Aristh Singhvi,20.0,6.66,18.0,18,"[6.66,18.0,18.0]","[1.8474478992440575,1.6899802491163112,0.014276826867382937]",3
Roelof van der Merwe,25.58,7.22,21.2,3699,"[7.22,21.2,3699.0]","[2.0027888637450593,1.9904211822925442,2.933887921247194]",2
Jesse Ryder,36.36,7.86,27.7,915,"[7.86,27.7,915.0]","[2.1803213946033475,2.6006918278067674,0.725738699091966]",3
Adam Gilchrist,0.0,0.0,1.0,1,"[0.0,1.0,1.0]","[0.0,0.09388779161757284,0.000793157048187941]",1
Bhargav Bhatt,23.78,7.71,18.5,870,"[7.71,18.5,870.0]","[2.138712207683436,1.7369241449250976,0.6900466319235087]",3
Siddharth Chitnis,28.5,9.5,18.0,72,"[9.5,18.0,72.0]","[2.6352485049277097,1.6899802491163112,0.05710730746953175]",3
Aniket Choudhary,22.76,7.54,18.1,851,"[7.54,18.1,851.0]","[2.0915551291742034,1.6993690282780685,0.6749766480079378]",3
Manpreet Gony,24.87,7.69,19.4,1766,"[7.69,19.4,1766.0]","[2.1331643160941147,1.821423157380913,1.4007153470999039]",4
Harmeet Singh,28.62,7.8,22.0,594,"[7.8,22.0,594.0]","[2.1636777198353827,2.0655314155866025,0.47113528662363696]",3
Dimitri Mascarenhas,20.61,7.1,17.4,2647,"[7.1,17.4,2647.0]","[1.9695015142091303,1.6336475741457672,2.09948670655348]",4
Michael Neser,26.88,8.78,18.3,918,"[8.78,18.3,918.0]","[2.4355244077121356,1.718146586601583,0.7281181702365298]",3
Luke Pomersbach,0.0,0.0,0.0,0,"(3,[],[])","(3,[],[])",1
Nitin Saini,0.0,0.0,0.0,0,"(3,[],[])","(3,[],[])",1
Sunny Singh,0.0,0.0,0.0,0,"(3,[],[])","(3,[],[])",1
Paul Valthaty,31.09,8.3,22.4,247,"[8.3,22.4,247.0]","[2.3023750095684203,2.1030865322336316,0.19590979090242142]",3
Ryan Harris,21.54,7.4,17.4,1413,"[7.4,17.4,1413.0]","[2.052719888048953,1.6336475741457672,1.1207309090895607]",4
Brad Haddin,0.0,0.0,0.0,0,"(3,[],[])","(3,[],[])",1
Brett Lee,29.88,7.22,24.8,2706,"[7.22,24.8,2706.0]","[2.0027888637450593,2.3284172321158065,2.1462829723965684]",4
Ryan McLaren,29.22,8.08,21.6,3385,"[8.08,21.6,3385.0]","[2.2413482020858835,2.0279762989395733,2.6848366081161803]",2
Sachithra Senanayake,20.63,6.33,19.5,2032,"[6.33,19.5,2032.0]","[1.7559076880202529,1.8308119365426703,1.611695121917896]",4
James Pattinson,24.61,8.58,17.2,585,"[8.58,17.2,585.0]","[2.380045491818921,1.6148700158222526,0.4639968731899455]",3
Ricky Ponting,23.0,11.5,12.0,12,"[11.5,12.0,12.0]","[3.1900376638598593,1.1266534994108741,0.009517884578255292]",0
Amitoze Singh,19.2,6.44,17.8,268,"[6.44,17.8,268.0]","[1.7864210917615213,1.6712026907927966,0.21256608891436818]",3
James Franklin,30.9,8.47,21.8,2428,"[8.47,21.8,2428.0]","[2.349532088077653,2.046753857263088,1.9257853130003209]",4
Phillip Hughes,0.0,0.0,0.0,0,"(3,[],[])","(3,[],[])",1
Javed Khan,10.37,5.53,11.2,90,"[5.53,11.2,90.0]","[1.5339920244473932,1.0515432661168158,0.07138413433691469]",3
Jacob Oram,29.7,7.84,22.7,1839,"[7.84,22.7,1839.0]","[2.1747735030140256,2.1312528697189035,1.4586158116176235]",4
Munaf Patel,24.25,6.92,21.0,2123,"[6.92,21.0,2123.0]","[1.919570489905237,1.9716436239690296,1.6838724133029987]",4
Sachin Tendulkar,61.5,7.93,46.5,93,"[7.93,46.5,93.0]","[2.199739015165972,4.365782310217137,0.07376360548147852]",3
Udit Birla,0.0,24.0,0.0,6,"[24.0,0.0,6.0]","[6.657469907185793,0.0,0.004758942289127646]",0
Raiphi Gomez,38.25,7.8,29.4,588,"[7.8,29.4,588.0]","[2.1636777198353827,2.7603010735566413,0.4663763443345093]",3
Harpreet Singh,18.83,5.38,21.0,126,"[5.38,21.0,126.0]","[1.492382837527482,1.9716436239690296,0.09993778807168056]",3
Dheeraj Jadhav,0.0,11.5,0.0,12,"[11.5,0.0,12.0]","[3.1900376638598593,0.0,0.009517884578255292]",0
Anustup Majumdar,14.0,14.0,6.0,6,"[14.0,6.0,6.0]","[3.8835241125250457,0.5633267497054371,0.004758942289127646]",0
Ajantha Mendis,18.83,6.94,16.2,2719,"[6.94,16.2,2719.0]","[1.9251183814945585,1.52098222420468,2.1565940140230118]",4
Ali Murtaza,23.78,6.98,20.4,654,"[6.98,20.4,654.0]","[1.9362141646732016,1.9153109489984859,0.5187247095149135]",3
Mahesh Rawat,0.0,0.0,0.0,0,"(3,[],[])","(3,[],[])",1
Marlon Samuels,27.95,7.17,23.3,1636,"[7.17,23.3,1636.0]","[1.9889191347717556,2.187585544689447,1.2976049308354716]",4
Tamim Iqbal,0.0,8.3,0.0,13,"[8.3,0.0,13.0]","[2.3023750095684203,0.0,0.010311041626443232]",0
Krishnakant  Upadhyay,27.25,7.76,21.0,421,"[7.76,21.0,421.0]","[2.15258193665674,1.9716436239690296,0.33391911728712315]",3
Shrikant Wagh,20.01,7.36,16.3,832,"[7.36,16.3,832.0]","[2.04162410487031,1.5303710033664373,0.6599066640923669]",3
Luke Wright,32.44,8.54,22.7,1799,"[8.54,22.7,1799.0]","[2.3689497086402778,2.1312528697189035,1.4268895296901059]",4
Michael Clarke,40.88,8.08,30.3,273,"[8.08,30.3,273.0]","[2.2413482020858835,2.844800086012457,0.2165318741553079]",3
Rahul Dravid,0.0,0.0,0.0,0,"(3,[],[])","(3,[],[])",1
Kumar Boresa,0.0,0.0,0.0,0,"(3,[],[])","(3,[],[])",1
Fidel Edwards,27.57,7.69,21.4,1870,"[7.69,21.4,1870.0]","[2.1331643160941147,2.0091987406160587,1.4832036801114497]",4
Shreevats Goswami,0.0,0.0,0.0,0,"(3,[],[])","(3,[],[])",1
Harmeet Singh,34.0,8.5,24.0,24,"[8.5,24.0,24.0]","[2.357853925461635,2.2533069988217482,0.019035769156510583]",3
Ashok Menaria,28.41,6.51,26.1,445,"[6.51,26.1,445.0]","[1.8058387123241464,2.4504713612186513,0.35295488644363376]",3
Kusal Perera,0.0,0.0,0.0,0,"(3,[],[])","(3,[],[])",1
Owais Shah,15.6,8.21,11.4,57,"[8.21,11.4,57.0]","[2.277409497416474,1.0703208244403304,0.045209951746712634]",0
Siddharth Trivedi,26.13,7.68,20.4,2103,"[7.68,20.4,2103.0]","[2.1303903702994536,1.9153109489984859,1.66800927233924]",4
Ajit  Chandila,20.7,6.31,19.6,472,"[6.31,19.6,472.0]","[1.7503597964309312,1.8402007157044278,0.37437012674470815]",3
Ankeet Chavan,33.31,7.97,25.0,476,"[7.97,25.0,476.0]","[2.2108347983446155,2.347194790439321,0.3775427549374599]",3
Sreesanth,32.78,8.25,23.8,1192,"[8.25,23.8,1192.0]","[2.2885052805951163,2.2345294404982337,0.9454432014400257]",3
KP Appanna,25.23,7.68,19.7,414,"[7.68,19.7,414.0]","[2.1303903702994536,1.8495894948661848,0.32836701794980755]",3
Arun Karthik,22.0,11.0,12.0,24,"[11.0,12.0,24.0]","[3.0513403741268217,1.1266534994108741,0.019035769156510583]",0
Chris Barnwell,34.2,7.99,25.6,642,"[7.99,25.6,642.0]","[2.216382689933937,2.403527465409865,0.5092068249366581]",3
Daniel Christian,28.96,8.39,20.6,3850,"[8.39,20.6,3850.0]","[2.327340521720367,1.9340885073220007,3.0536546355235727]",2
Tillakaratne Dilshan,29.56,7.25,24.4,1564,"[7.25,24.4,1564.0]","[2.0111107011290414,2.290862115468777,1.2404976233659397]",4
Andrew McDonald,23.01,7.7,17.9,1470,"[7.7,17.9,1470.0]","[2.1359382618887754,1.6805914699545537,1.1659408608362734]",4
Abhinav Mukund,9.18,5.77,9.5,105,"[5.77,9.5,105.0]","[1.600566723519251,0.8919340203669419,0.0832814900597338]",3
Pankaj Singh,34.51,7.55,27.4,959,"[7.55,27.4,959.0]","[2.094329074968864,2.5725254903214956,0.7606376092122354]",3
Sunny Sohal,0.0,0.0,0.0,0,"(3,[],[])","(3,[],[])",1
Jamaluddin Syed Mohammad,28.0,7.5,22.3,828,"[7.5,22.3,828.0]","[2.0804593459955605,2.0936977530718743,0.6567340358996151]",3
Daniel Vettori,26.13,6.34,24.7,3236,"[6.34,24.7,3236.0]","[1.7586816338149136,2.3190284529540492,2.566656207936177]",2
Kumar Sangakkara,0.0,0.0,0.0,0,"(3,[],[])","(3,[],[])",1
Anand Rajan,16.68,6.82,14.6,689,"[6.82,14.6,689.0]","[1.8918310319586296,1.3707617576165634,0.5464852062014913]",3
Nathan McCullum,24.09,7.17,20.1,3162,"[7.17,20.1,3162.0]","[1.9889191347717556,1.8871446115132142,2.5079625863702693]",2
Clint McKay,22.38,7.88,17.0,2451,"[7.88,17.0,2451.0]","[2.1858692861926685,1.5960924574987383,1.9440279251086434]",4
Dwaraka Ravi Teja,40.0,8.42,28.5,114,"[8.42,28.5,114.0]","[2.335662359104349,2.6758020611008257,0.09041990349342527]",3
Akshath Reddy,0.0,0.0,0.0,0,"(3,[],[])","(3,[],[])",1
Biplab Samantray,32.27,6.64,29.1,641,"[6.64,29.1,641.0]","[1.841900007654736,2.73213473607137,0.5084136678884702]",3
Thalaivan Sargunam,0.0,0.0,0.0,0,"(3,[],[])","(3,[],[])",1
Sudeep Tyagi,30.0,7.91,22.7,364,"[7.91,22.7,364.0]","[2.194191123576651,2.1312528697189035,0.28870916554041054]",3
Cameron White,27.23,8.77,18.6,484,"[8.77,18.6,484.0]","[2.432750461917475,1.746312924086855,0.38388801132296346]",3
Doug Bollinger,25.47,7.82,19.5,2716,"[7.82,19.5,2716.0]","[2.169225611424704,1.8308119365426703,2.1542145428784476]",4
Joginder Sharma,23.73,7.06,20.1,1230,"[7.06,20.1,1230.0]","[1.9584057310304874,1.8871446115132142,0.9755831692711674]",4
Suraj Randiv,24.46,7.5,19.5,1212,"[7.5,19.5,1212.0]","[2.0804593459955605,1.8308119365426703,0.9613063424037845]",4
Yo Mahesh,23.0,7.72,17.8,929,"[7.72,17.8,929.0]","[2.141486153478097,1.6712026907927966,0.7368428977665972]",3
Scott Styris,29.09,7.36,23.7,2964,"[7.36,23.7,2964.0]","[2.04162410487031,2.2251406613364764,2.3509174908290573]",4
Kuthethurshri Vasudevadas,10.0,5.0,12.0,24,"[5.0,12.0,24.0]","[1.3869728973303737,1.1266534994108741,0.019035769156510583]",3
Ganapathi Vignesh,15.28,5.94,15.4,108,"[5.94,15.4,108.0]","[1.647723802028484,1.4458719909106217,0.08566096120429763]",3
Tekkami Atchuta Rao,22.0,7.45,17.7,124,"[7.45,17.7,124.0]","[2.0665896170222564,1.661813911631039,0.09835147397530468]",3
Akash Bhandari,22.97,6.63,20.7,727,"[6.63,20.7,727.0]","[1.8391260618600753,1.9434772864837577,0.5766251740326331]",3
Darren Bravo,0.0,0.0,0.0,0,"(3,[],[])","(3,[],[])",1
Kedar Devdhar,0.0,0.0,0.0,0,"(3,[],[])","(3,[],[])",1
Daniel Harris,24.61,7.75,19.0,400,"[7.75,19.0,400.0]","[2.149807990862079,1.7838680407338838,0.3172628192751764]",3
Ishank Jaggi,41.5,6.82,36.5,73,"[6.82,36.5,73.0]","[1.8918310319586296,3.426904394041409,0.05790046451771969]",3
Abhishek Jhunjhunwala,57.33,8.52,40.3,121,"[8.52,40.3,121.0]","[2.3634018170509563,3.7836780021881853,0.09597200283074087]",3
Syed Quadri,16.16,8.08,12.0,72,"[8.08,12.0,72.0]","[2.2413482020858835,1.1266534994108741,0.05710730746953175]",3
Sneha Kishore,0.0,0.0,0.0,0,"(3,[],[])","(3,[],[])",1
Tanmay Srivastava,0.0,6.5,0.0,24,"[6.5,0.0,24.0]","[1.8030647665294857,0.0,0.019035769156510583]",0
TP Sudhindra,20.48,6.75,18.2,637,"[6.75,18.2,637.0]","[1.8724134113960043,1.7087578074398255,0.5052410396957184]",3
Arjun Yadav,0.0,0.0,0.0,0,"(3,[],[])","(3,[],[])",1
Puneet Bisht,0.0,0.0,0.0,0,"(3,[],[])","(3,[],[])",1
Robin Bist,14.8,7.4,12.0,60,"[7.4,12.0,60.0]","[2.052719888048953,1.1266534994108741,0.04758942289127646]",3
Doug Bracewell,22.32,8.71,15.3,845,"[8.71,15.3,845.0]","[2.416106787149511,1.4364832117488644,0.6702177057188101]",3
Sunny Gupta,38.12,6.87,33.2,266,"[6.87,33.2,266.0]","[1.9057007609319332,3.1170746817034183,0.2109797748179923]",3
Prashant Naik,0.0,0.0,0.0,0,"(3,[],[])","(3,[],[])",1
Zafir Patel,0.0,0.0,0.0,0,"(3,[],[])","(3,[],[])",1
Kuldeep Raval,11.42,6.15,11.1,78,"[6.15,11.1,78.0]","[1.7059766637163596,1.0421544869550585,0.0618662497586594]",3
Aavishkar Salvi,29.27,8.12,21.6,389,"[8.12,21.6,389.0]","[2.2524439852645264,2.0279762989395733,0.30853809174510904]",3
Vikas Mishra,24.0,8.0,18.0,18,"[8.0,18.0,18.0]","[2.2191566357285977,1.6899802491163112,0.014276826867382937]",3
Tejashwi Yadav,0.0,8.33,0.0,36,"[8.33,0.0,36.0]","[2.3106968469524025,0.0,0.028553653734765875]",0
Travis Birt,0.0,0.0,0.0,0,"(3,[],[])","(3,[],[])",1
Colin Ingram,32.27,7.89,24.5,907,"[7.89,24.5,907.0]","[2.1886432319873292,2.3002508946305347,0.7193934427064624]",3
Love Ablish,13.86,6.56,12.6,456,"[6.56,12.6,456.0]","[1.81970844129745,1.1829861743814176,0.3616796139737011]",3
Amit Yadav,25.15,6.87,21.9,703,"[6.87,21.9,703.0]","[1.9057007609319332,2.056142636424845,0.5575894048761225]",3
Ramesh Powar,40.14,7.49,32.1,450,"[7.49,32.1,450.0]","[2.0776854002008998,3.013798110924088,0.3569206716845735]",3
Nathan Rimmington,23.39,8.1,17.3,1905,"[8.1,17.3,1905.0]","[2.246896093675205,1.6242587949840102,1.5109641767980275]",4
Shalabh Srivastava,32.65,8.66,22.6,452,"[8.66,22.6,452.0]","[2.402237058176207,2.121864090557146,0.35850698578094936]",3
Stuart Broad,21.44,7.19,17.8,1788,"[7.19,17.8,1788.0]","[1.9944670263610773,1.6712026907927966,1.4181648021600386]",4
Chirag Jani,23.0,6.45,21.3,342,"[6.45,21.3,342.0]","[1.7891950375561818,1.9998099614543015,0.2712597104802758]",3
Iresh Saxena,17.64,5.82,18.1,454,"[5.82,18.1,454.0]","[1.614436452492555,1.6993690282780685,0.3600932998773252]",3
Herschelle Gibbs,0.0,0.0,0.0,0,"(3,[],[])","(3,[],[])",1
Davy Jacobs,0.0,14.0,0.0,6,"[14.0,0.0,6.0]","[3.8835241125250457,0.0,0.004758942289127646]",0
Richard Levi,0.0,0.0,0.0,0,"(3,[],[])","(3,[],[])",1
Robin Peterson,25.52,7.1,21.5,2631,"[7.1,21.5,2631.0]","[1.9695015142091303,2.018587519777816,2.086796193782473]",4
Sourav Ganguly,26.06,7.91,19.7,573,"[7.91,19.7,573.0]","[2.194191123576651,1.8495894948661848,0.45447898861169017]",3
Callum Ferguson,0.0,0.0,0.0,0,"(3,[],[])","(3,[],[])",1
Kamran Khan,25.0,8.65,17.3,208,"[8.65,17.3,208.0]","[2.399463112381546,1.6242587949840102,0.16497666602309172]",3
Harshad Khadiwale,0.0,13.0,0.0,6,"[13.0,0.0,6.0]","[3.6061295330589713,0.0,0.004758942289127646]",0
Mohnish  Mishra,0.0,0.0,0.0,0,"(3,[],[])","(3,[],[])",1
Graeme Smith,37.0,9.25,24.0,96,"[9.25,24.0,96.0]","[2.565899860061191,2.2533069988217482,0.07614307662604233]",3
Alfonso Thomas,21.81,7.55,17.3,4558,"[7.55,17.3,4558.0]","[2.094329074968864,1.6242587949840102,3.615209825640635]",2
James Hopes,33.65,7.94,25.4,1702,"[7.94,25.4,1702.0]","[2.2025129609606333,2.38474990708635,1.3499532960158755]",4
Dinesh Chandimal,0.0,0.0,0.0,0,"(3,[],[])","(3,[],[])",1
Aakash Chopra,0.0,0.0,0.0,0,"(3,[],[])","(3,[],[])",1
Paul Collingwood,22.67,7.27,18.7,1852,"[7.27,18.7,1852.0]","[2.016658592718363,1.755701703248612,1.4689268532440667]",4
Aditya Dole,22.4,10.18,13.2,66,"[10.18,13.2,66.0]","[2.8238768189646404,1.2393188493519613,0.05234836518040411]",0
Samad Fallah,25.47,7.29,20.9,712,"[7.29,20.9,712.0]","[2.022206484307685,1.962254844807272,0.564727818309814]",3
Faiz Fazal,17.7,7.37,14.4,144,"[7.37,14.4,144.0]","[2.0443980506649706,1.3519841992930488,0.1142146149390635]",3
Abhishek Raut,22.64,7.66,17.7,248,"[7.66,17.7,248.0]","[2.124842478710132,1.661813911631039,0.19670294795060936]",3
Pinal Shah,0.0,0.0,0.0,0,"(3,[],[])","(3,[],[])",1
Amit Singh,23.67,7.69,18.4,628,"[7.69,18.4,628.0]","[2.1331643160941147,1.72753536576334,0.49810262626202695]",3
Raju Bhatkal,22.29,7.65,17.4,297,"[7.65,17.4,297.0]","[2.122068532915472,1.6336475741457672,0.23556764331181848]",3
Mohammad Kaif,0.0,0.0,0.0,0,"(3,[],[])","(3,[],[])",1
Abrar Kazi,45.5,8.27,33.0,66,"[8.27,33.0,66.0]","[2.2940531721844377,3.0982971233799037,0.05234836518040411]",3
Charl Langeveldt,21.46,7.62,16.8,2332,"[7.62,16.8,2332.0]","[2.113746695531489,1.5773148991752237,1.8496422363742784]",4
Ryan Ninan,21.66,10.83,12.0,36,"[10.83,12.0,36.0]","[3.004183295617589,1.1266534994108741,0.028553653734765875]",0
Asad Pathan,0.0,9.69,0.0,39,"[9.69,0.0,39.0]","[2.687953475026264,0.0,0.0309331248793297]",0
S Thiyagarajan,0.0,0.0,0.0,0,"(3,[],[])","(3,[],[])",1
Hemang Badani,20.42,6.5,18.8,132,"[6.5,18.8,132.0]","[1.8030647665294857,1.7650904824103695,0.10469673036080822]",3
Chandrasekar Ganapathy,16.09,6.42,15.0,496,"[6.42,15.0,496.0]","[1.7808732001721996,1.4083168742635925,0.3934058959012187]",3
Matthew Hayden,0.0,0.0,0.0,0,"(3,[],[])","(3,[],[])",1
Justin Kemp,22.71,7.51,18.1,1016,"[7.51,18.1,1016.0]","[2.083233291790221,1.6993690282780685,0.805847560958948]",3
Makhaya Ntini,25.0,7.48,20.0,1263,"[7.48,20.0,1263.0]","[2.074911454406239,1.8777558323514567,1.0017573518613694]",4
Thilan Thushara,19.68,7.42,15.9,1066,"[7.42,15.9,1066.0]","[2.0582677796382742,1.4928158867194081,0.8455054133683451]",3
Anirudh Singh,0.0,0.0,0.0,0,"(3,[],[])","(3,[],[])",1
Azhar Bilakhia,0.0,0.0,0.0,0,"(3,[],[])","(3,[],[])",1
VVS Laxman,0.0,0.0,0.0,0,"(3,[],[])","(3,[],[])",1
Kemar Roach,43.89,8.08,32.5,912,"[8.08,32.5,912.0]","[2.2413482020858835,3.0513532275711173,0.7233592279474022]",3
Bodapati Sumanth,0.0,8.75,0.0,24,"[8.75,0.0,24.0]","[2.427202570328154,0.0,0.019035769156510583]",0
Andrew Symonds,31.86,8.03,23.7,1237,"[8.03,23.7,1237.0]","[2.22747847311258,2.2251406613364764,0.981135268608483]",3
Chaminda Vaas,19.96,6.77,17.6,1131,"[6.77,17.6,1131.0]","[1.8779613029853257,1.652425132469282,0.8970606215005613]",3
Joginder Singh,44.0,6.94,38.0,114,"[6.94,38.0,114.0]","[1.9251183814945585,3.5677360814677677,0.09041990349342527]",3
Farveez Maharoof,23.54,7.31,19.3,1816,"[7.31,19.3,1816.0]","[2.027754375897006,1.812034378219156,1.4403731995093008]",4
Shashi Ranjan,0.0,0.0,0.0,0,"(3,[],[])","(3,[],[])",1
Sarandeep Singh,19.36,6.26,18.5,204,"[6.26,18.5,204.0]","[1.7364900674576276,1.7369241449250976,0.16180403783033998]",3
Yusuf Abdulla,19.8,6.3,18.8,1187,"[6.3,18.8,1187.0]","[1.7475858506362707,1.7650904824103695,0.941477416199086]",3
Amanpreet Singh,0.0,0.0,0.0,0,"(3,[],[])","(3,[],[])",1
Adrian Barath,0.0,0.0,0.0,0,"(3,[],[])","(3,[],[])",1
Karan Goel,22.6,7.02,19.3,193,"[7.02,19.3,193.0]","[1.9473099478518443,1.812034378219156,0.1530793103002726]",3
Reetinder Sodhi,25.2,7.87,19.2,96,"[7.87,19.2,96.0]","[2.183095340398008,1.8026455990573984,0.07614307662604233]",3
Shane Bond,21.74,7.08,18.4,939,"[7.08,18.4,939.0]","[1.9639536226198089,1.72753536576334,0.7447744682484766]",3
Eklak Ahmid,0.0,0.0,0.0,0,"(3,[],[])","(3,[],[])",1
Rohan Gavaskar,37.33,7.72,29.0,87,"[7.72,29.0,87.0]","[2.141486153478097,2.722745956909612,0.06900466319235087]",3
Chirag Pathak,0.0,0.0,0.0,0,"(3,[],[])","(3,[],[])",1
Dilhara Fernando,20.47,7.73,15.8,1175,"[7.73,15.8,1175.0]","[2.1442600992727576,1.4834271075576508,0.9319595316208307]",4
Sanath Jayasuriya,25.75,7.46,20.6,1593,"[7.46,20.6,1593.0]","[2.069363562816917,1.9340885073220007,1.26349917776339]",4
Chandan Madan,0.0,0.0,0.0,0,"(3,[],[])","(3,[],[])",1
Ishan Malhotra,33.5,8.37,24.0,96,"[8.37,24.0,96.0]","[2.321792630131045,2.2533069988217482,0.07614307662604233]",3
Graham Napier,23.35,7.91,17.7,2905,"[7.91,17.7,2905.0]","[2.194191123576651,1.661813911631039,2.304121224985969]",4
Syed Shahabuddin,34.45,7.21,28.6,315,"[7.21,28.6,315.0]","[2.0000149179503985,2.6851908402625835,0.24984447017920142]",3
Shane Warne,26.61,7.22,22.1,1548,"[7.22,22.1,1548.0]","[2.0027888637450593,2.0749201947483598,1.2278071105949326]",4
Swapnil Asnodkar,0.0,0.0,0.0,0,"(3,[],[])","(3,[],[])",1
Michael Lumb,21.66,10.83,12.0,36,"[10.83,12.0,36.0]","[3.004183295617589,1.1266534994108741,0.028553653734765875]",0
Amit Uniyal,17.6,8.8,12.0,60,"[8.8,12.0,60.0]","[2.4410722993014575,1.1266534994108741,0.04758942289127646]",0
Adam Voges,27.92,7.99,20.9,566,"[7.99,20.9,566.0]","[2.216382689933937,1.962254844807272,0.44892688927437463]",3
Damien Martyn,0.0,0.0,0.0,0,"(3,[],[])","(3,[],[])",1
Anil Kumble,24.36,6.69,21.8,1245,"[6.69,21.8,1245.0]","[1.85576973662804,2.046753857263088,0.9874805249939865]",4
Balachandra Akhil,26.58,7.15,22.2,535,"[7.15,22.2,535.0]","[1.9833712431824342,2.084308973910117,0.4243390207805484]",3
Mark Boucher,0.0,0.0,0.0,0,"(3,[],[])","(3,[],[])",1
Dillon du Preez,24.87,7.33,20.3,1668,"[7.33,20.3,1668.0]","[2.0333022674863277,1.9059221698367286,1.3229859563774855]",4
Sridharan Sriram,56.75,8.1,42.0,168,"[8.1,42.0,168.0]","[2.246896093675205,3.943287247938059,0.13325038409557408]",3
Palani  Amarnath,25.68,9.2,16.7,318,"[9.2,16.7,318.0]","[2.552030131087887,1.5679261200134664,0.25222394132376524]",3
Viraj Kadbe,0.0,0.0,0.0,0,"(3,[],[])","(3,[],[])",1
Andrew Flintoff,21.2,7.55,16.8,657,"[7.55,16.8,657.0]","[2.094329074968864,1.5773148991752237,0.5211041806594773]",3
Vidyut Sivaramakrishnan,17.28,6.91,15.0,210,"[6.91,15.0,210.0]","[1.9167965441105763,1.4083168742635925,0.1665629801194676]",3
Abhinav Kumar,0.0,0.0,0.0,0,"(3,[],[])","(3,[],[])",1
Halhadar Das,0.0,0.0,0.0,0,"(3,[],[])","(3,[],[])",1
Jaskaran Singh,30.91,8.09,22.9,275,"[8.09,22.9,275.0]","[2.244122147880544,2.150030428042418,0.21811818825168378]",3
Doddapaneni Kalyankrishna,32.09,8.82,21.8,240,"[8.82,21.8,240.0]","[2.446620190890779,2.046753857263088,0.19035769156510585]",3
PM Sarvesh Kumar,42.0,8.4,30.0,30,"[8.4,30.0,30.0]","[2.3301144675150276,2.816633748527185,0.02379471144563823]",3
Shoaib Ahmed,30.4,8.94,20.4,102,"[8.94,20.4,102.0]","[2.4799075404267077,1.9153109489984859,0.08090201891516999]",3
Chamara Silva,36.0,9.0,24.0,24,"[9.0,24.0,24.0]","[2.4965512151946725,2.2533069988217482,0.019035769156510583]",3
Paidikalva Vijaykumar,46.6,8.17,34.2,342,"[8.17,34.2,342.0]","[2.2663137142378305,3.210962473320991,0.2712597104802758]",3
Nuwan Zoysa,17.9,6.96,15.4,324,"[6.96,15.4,324.0]","[1.93066627308388,1.4458719909106217,0.2569828836128929]",3
Glenn McGrath,24.6,6.83,21.6,432,"[6.83,21.6,432.0]","[1.8946049777532903,2.0279762989395733,0.3426438448171905]",3
Ajitesh Argal,50.75,9.22,33.0,132,"[9.22,33.0,132.0]","[2.557578022677209,3.0982971233799037,0.10469673036080822]",3
Ranadeb Bose,30.36,8.56,21.2,234,"[8.56,21.2,234.0]","[2.3744976002295997,1.9904211822925442,0.1855987492759782]",3
Burt Cockley,0.0,15.0,0.0,18,"[15.0,0.0,18.0]","[4.160918691991121,0.0,0.014276826867382937]",0
Simon Katich,0.0,9.66,0.0,18,"[9.66,0.0,18.0]","[2.6796316376422817,0.0,0.014276826867382937]",0
Uday Kaul,0.0,0.0,0.0,0,"(3,[],[])","(3,[],[])",1
Taruwar Kohli,24.11,6.81,21.2,191,"[6.81,21.2,191.0]","[1.8890570861639686,1.9904211822925442,0.15149299620389672]",3
Sahil Kukreja,0.0,0.0,0.0,0,"(3,[],[])","(3,[],[])",1
Wilkin Mota,27.09,7.18,22.6,249,"[7.18,22.6,249.0]","[1.9916930805664164,2.121864090557146,0.1974961049987973]",3
Ravikant Shukla,0.0,9.0,0.0,6,"[9.0,0.0,6.0]","[2.4965512151946725,0.0,0.004758942289127646]",0
Vikram Singh,28.58,7.97,21.5,667,"[7.97,21.5,667.0]","[2.2108347983446155,2.018587519777816,0.5290357511413567]",3
Rohan Banerjee,0.0,0.0,0.0,0,"(3,[],[])","(3,[],[])",1
Arindam Ghosh,0.0,0.0,0.0,0,"(3,[],[])","(3,[],[])",1
Mashrafe Mortaza,31.07,7.54,24.7,2867,"[7.54,24.7,2867.0]","[2.0915551291742034,2.3190284529540492,2.273981257154827]",4
Shoaib Shaikh,35.25,10.07,21.0,84,"[10.07,21.0,84.0]","[2.7933634152233724,1.9716436239690296,0.06662519204778704]",3
Morne van Wyk,0.0,0.0,0.0,0,"(3,[],[])","(3,[],[])",1
Yashpal Singh,27.66,6.85,24.2,218,"[6.85,24.2,218.0]","[1.9001528693426117,2.272084557145263,0.17290823650497114]",3
Kyle Mills,27.1,8.1,20.0,2106,"[8.1,20.0,2106.0]","[2.246896093675205,1.8777558323514567,1.6703887434838038]",4
Mohammad Ashraful,19.3,7.95,14.5,335,"[7.95,14.5,335.0]","[2.205286906755294,1.361372978454806,0.2657076111429602]",3
Chetanya Nanda,23.44,6.91,20.3,366,"[6.91,20.3,366.0]","[1.9167965441105763,1.9059221698367286,0.2902954796367864]",3
Rohan Raje,22.08,8.06,16.4,559,"[8.06,16.4,559.0]","[2.2358003104965625,1.5397597825281943,0.44337478993705903]",3
Luke Ronchi,0.0,0.0,0.0,0,"(3,[],[])","(3,[],[])",1
Rahil Shaikh,0.0,11.0,0.0,6,"[11.0,0.0,6.0]","[3.0513403741268217,0.0,0.004758942289127646]",0
Pushkaraj Chavan,0.0,0.0,0.0,0,"(3,[],[])","(3,[],[])",1
Aditya Angle,0.0,16.0,0.0,6,"[16.0,0.0,6.0]","[4.438313271457195,0.0,0.004758942289127646]",0
Lee Carseldine,16.14,8.07,12.0,84,"[8.07,12.0,84.0]","[2.238574256291223,1.1266534994108741,0.06662519204778704]",3
Shane Harwood,22.47,7.66,17.6,845,"[7.66,17.6,845.0]","[2.124842478710132,1.652425132469282,0.6702177057188101]",3
Tyron Henderson,23.6,7.22,19.6,1824,"[7.22,19.6,1824.0]","[2.0027888637450593,1.8402007157044278,1.4467184558948043]",4
Justin Langer,0.0,0.0,0.0,0,"(3,[],[])","(3,[],[])",1
Abdulahad Malek,0.0,0.0,0.0,0,"(3,[],[])","(3,[],[])",1
Mohammed Arif,0.0,0.0,0.0,0,"(3,[],[])","(3,[],[])",1
Parag More,0.0,0.0,0.0,0,"(3,[],[])","(3,[],[])",1
Niraj Patel,29.18,8.67,20.1,222,"[8.67,20.1,222.0]","[2.4050110039708676,1.8871446115132142,0.1760808646977229]",3
Rob Quiney,0.0,13.0,0.0,6,"[13.0,0.0,6.0]","[3.6061295330589713,0.0,0.004758942289127646]",0
Atul Sharma,0.0,0.0,0.0,0,"(3,[],[])","(3,[],[])",1
Gajendra Singh,21.25,6.8,18.7,300,"[6.8,18.7,300.0]","[1.8862831403693079,1.755701703248612,0.2379471144563823]",3
Ashraf Makda,28.41,6.66,25.5,307,"[6.66,25.5,307.0]","[1.8474478992440575,2.3941386862481076,0.24349921379369788]",3
Shrideep Mangela,0.0,0.0,0.0,0,"(3,[],[])","(3,[],[])",1
Anup Revandkar,6.5,6.5,6.0,12,"[6.5,6.0,12.0]","[1.8030647665294857,0.5633267497054371,0.009517884578255292]",0
Rangaraj Suthesh,15.66,6.13,15.3,46,"[6.13,15.3,46.0]","[1.700428772127038,1.4364832117488644,0.03648522421664529]",3
Jagadeesh Arunkumar,0.0,0.0,0.0,0,"(3,[],[])","(3,[],[])",1
Saurabh Bandekar,20.9,8.18,15.3,628,"[8.18,15.3,628.0]","[2.269087660032491,1.4364832117488644,0.49810262626202695]",3
Rajesh Bishnoi,0.0,10.0,0.0,6,"[10.0,0.0,6.0]","[2.7739457946607473,0.0,0.004758942289127646]",0
Nathan Bracken,22.74,7.21,18.9,586,"[7.21,18.9,586.0]","[2.0000149179503985,1.7744792615721265,0.4647900302381334]",3
Gaurav Dhiman,0.0,0.0,0.0,0,"(3,[],[])","(3,[],[])",1
Wasim Jaffer,0.0,0.0,0.0,0,"(3,[],[])","(3,[],[])",1
Sunil Joshi,26.0,7.16,21.7,283,"[7.16,21.7,283.0]","[1.986145188977095,2.0373650781013306,0.22446344463718731]",3
Udit Patel,25.69,7.44,20.6,269,"[7.44,20.6,269.0]","[2.063815671227596,1.9340885073220007,0.21335924596255612]",3
Devraj Patil,0.0,0.0,0.0,0,"(3,[],[])","(3,[],[])",1
Jitendra Patil,16.75,6.7,15.0,60,"[6.7,15.0,60.0]","[1.8585436824227006,1.4083168742635925,0.04758942289127646]",3
RK Sabharwal,0.0,0.0,0.0,0,"(3,[],[])","(3,[],[])",1
Tinu Yohannan,16.5,8.25,12.0,24,"[8.25,12.0,24.0]","[2.2885052805951163,1.1266534994108741,0.019035769156510583]",3
Abdur Razzak,21.21,6.94,18.3,1760,"[6.94,18.3,1760.0]","[1.9251183814945585,1.718146586601583,1.3959564048107762]",4
Neravanda Aiyappa,26.0,7.8,20.0,80,"[7.8,20.0,80.0]","[2.1636777198353827,1.8777558323514567,0.06345256385503528]",3
Shivnarine Chanderpaul,0.0,0.0,0.0,0,"(3,[],[])","(3,[],[])",1
Misbah-ul-Haq,0.0,0.0,0.0,0,"(3,[],[])","(3,[],[])",1
Ashley Noffke,20.76,7.46,16.6,634,"[7.46,16.6,634.0]","[2.069363562816917,1.5585373408517091,0.5028615685511546]",3
Venkatesh Prasad,0.0,0.0,0.0,0,"(3,[],[])","(3,[],[])",1
Napoleon Einstein,0.0,0.0,0.0,0,"(3,[],[])","(3,[],[])",1
Stephen Fleming,0.0,0.0,0.0,0,"(3,[],[])","(3,[],[])",1
Chamara Kapugedera,24.71,8.37,17.7,124,"[8.37,17.7,124.0]","[2.321792630131045,1.661813911631039,0.09835147397530468]",3
Suresh Kumar,28.33,8.29,20.5,246,"[8.29,20.5,246.0]","[2.299601063773759,1.9246997281602432,0.1951166338542335]",3
Kepler Wessels,0.0,0.0,0.0,0,"(3,[],[])","(3,[],[])",1
Sanjay Bangar,22.87,7.35,18.6,578,"[7.35,18.6,578.0]","[2.038850159075649,1.746312924086855,0.4584447738526299]",3
Shahid Afridi,22.12,6.69,19.8,6084,"[6.69,19.8,6084.0]","[1.85576973662804,1.8589782740279424,4.825567481175433]",2
Robin Singh,9.0,9.0,6.0,6,"[9.0,6.0,6.0]","[2.4965512151946725,0.5633267497054371,0.004758942289127646]",0
Brett Geeves,24.26,9.15,15.8,302,"[9.15,15.8,302.0]","[2.538160402114584,1.4834271075576508,0.2395334285527582]",3
Mohammad Asif,21.16,7.62,16.6,832,"[7.62,16.6,832.0]","[2.113746695531489,1.5585373408517091,0.6599066640923669]",3
Shoaib Malik,25.88,7.06,22.0,2926,"[7.06,22.0,2926.0]","[1.9584057310304874,2.0655314155866025,2.3207775229979153]",4
Mayank Tehlan,0.0,0.0,0.0,0,"(3,[],[])","(3,[],[])",1
Greg Shipperd,0.0,0.0,0.0,0,"(3,[],[])","(3,[],[])",1
Pankaj Dharmani,0.0,0.0,0.0,0,"(3,[],[])","(3,[],[])",1
Gagandeep Singh,30.83,7.25,25.5,306,"[7.25,25.5,306.0]","[2.0111107011290414,2.3941386862481076,0.24270605674550993]",3
Ramnaresh Sarwan,11.0,7.33,9.0,18,"[7.33,9.0,18.0]","[2.0333022674863277,0.8449901245581556,0.014276826867382937]",0
Tom Moody,0.0,0.0,0.0,0,"(3,[],[])","(3,[],[])",1
Mohammad Hafeez,21.78,6.24,20.9,3286,"[6.24,20.9,3286.0]","[1.7309421758683063,1.962254844807272,2.606314060345574]",2
Salman Butt,28.2,7.83,21.6,108,"[7.83,21.6,108.0]","[2.171999557219365,2.0279762989395733,0.08566096120429763]",3
Shoaib Akhtar,22.22,7.29,18.2,804,"[7.29,18.2,804.0]","[2.022206484307685,1.7087578074398255,0.6376982667431046]",3
Tatenda Taibu,0.0,10.25,0.0,24,"[10.25,0.0,24.0]","[2.843294439527266,0.0,0.019035769156510583]",0
Umar Gul,19.07,7.45,15.3,3118,"[7.45,15.3,3118.0]","[2.0665896170222564,1.4364832117488644,2.4730636762500002]",4
Saurasish Lahiri,19.64,6.72,17.5,438,"[6.72,17.5,438.0]","[1.864091574012022,1.6430363533075247,0.34740278710631817]",3
John Buchanan,0.0,0.0,0.0,0,"(3,[],[])","(3,[],[])",1
Loots Bosman,0.0,9.0,0.0,6,"[9.0,0.0,6.0]","[2.4965512151946725,0.0,0.004758942289127646]",0
Musavir Khote,31.16,8.5,22.0,132,"[8.5,22.0,132.0]","[2.357853925461635,2.0655314155866025,0.10469673036080822]",3
Andre Nel,37.67,6.74,33.5,1240,"[6.74,33.5,1240.0]","[1.8696394656013435,3.14524101918869,0.9835147397530468]",3
Rajesh Pawar,29.83,8.13,22.0,132,"[8.13,22.0,132.0]","[2.2552179310591876,2.0655314155866025,0.10469673036080822]",3
Shaun Pollock,22.13,6.37,20.8,937,"[6.37,20.8,937.0]","[1.767003471198896,1.952866065645515,0.7431881541521007]",3
Ashwell Prince,0.0,7.5,0.0,4,"[7.5,0.0,4.0]","[2.0804593459955605,0.0,0.003172628192751764]",0
Dominic Thornely,24.5,7.72,19.0,533,"[7.72,19.0,533.0]","[2.141486153478097,1.7838680407338838,0.42275270668417253]",3
Vikrant Yeligati,54.5,8.38,39.0,78,"[8.38,39.0,78.0]","[2.324566575925706,3.6616238730853405,0.0618662497586594]",3
Lalchand Rajput,0.0,0.0,0.0,0,"(3,[],[])","(3,[],[])",1
Kamran Akmal,0.0,0.0,0.0,0,"(3,[],[])","(3,[],[])",1
Sumit Khatri,0.0,0.0,0.0,0,"(3,[],[])","(3,[],[])",1
Darren Lehmann,23.27,6.73,20.7,228,"[6.73,20.7,228.0]","[1.8668655198066828,1.9434772864837577,0.18083980698685054]",3
Sohail Tanvir,25.03,7.31,20.5,6182,"[7.31,20.5,6182.0]","[2.027754375897006,1.9246997281602432,4.903296871897851]",2
Younis Khan,22.66,7.84,17.3,104,"[7.84,17.3,104.0]","[2.1747735030140256,1.6242587949840102,0.08248833301154586]",3
Rinku Singh,0.0,0.0,0.0,0,"(3,[],[])","(3,[],[])",1
Mujeeb Ur Rahman,20.64,6.99,17.71,248,"[6.99,17.71,248.0]","[1.9389881104678623,1.662752789547215,0.19670294795060936]",3
Evin Lewis,0.0,0.0,0.0,0,"(3,[],[])","(3,[],[])",1
Mayank Markhande,24.53,8.36,17.6,264,"[8.36,17.6,264.0]","[2.3190186843363843,1.652425132469282,0.20939346072161644]",3
Washington Sundar,31.41,7.54,25.0,300,"[7.54,25.0,300.0]","[2.0915551291742034,2.347194790439321,0.2379471144563823]",3
Chris Woakes,23.04,9.24,14.96,374,"[9.24,14.96,374.0]","[2.5631259142665304,1.4045613625988898,0.29664073602228996]",3
Aniket Choudhary,28.8,8.55,20.2,101,"[8.55,20.2,101.0]","[2.371723654434939,1.8965333906749713,0.08010886186698205]",3
DArcy Short,19.0,6.33,18.0,18,"[6.33,18.0,18.0]","[1.7559076880202529,1.6899802491163112,0.014276826867382937]",3
Ben Stokes,30.95,7.64,24.3,486,"[7.64,24.3,486.0]","[2.1192945871208106,2.28147333630702,0.38547432541933935]",3
Rahul Tripathi,0.0,12.0,0.0,6,"[12.0,0.0,6.0]","[3.3287349535928965,0.0,0.004758942289127646]",0
Krishnappa Gowtham,28.36,7.8,21.81,240,"[7.8,21.81,240.0]","[2.1636777198353827,2.0476927351792633,0.19035769156510585]",3
Rashid Khan,21.47,6.68,19.26,732,"[6.68,19.26,732.0]","[1.852995790833379,1.808278866554453,0.5805909592735728]",3
Billy Stanlake,28.57,8.33,20.57,144,"[8.33,20.57,144.0]","[2.3106968469524025,1.9312718735734733,0.1142146149390635]",3
